renda_mensal,gastos_alimentacao,gastos_transporte,gastos_saude,gastos_lazer,investimentos,dividas,score_credito
3821.34,1222.71,495.8,90.52,260.58,602.34,1625.44,555.0
2781.84,824.07,405.22,,328.61,430.24,2903.59,508.0
4120.97,1042.53,520.18,343.92,498.97,84.21,1879.59,530.0
6383.78,1389.45,898.59,1120.4,947.08,1066.03,1988.87,608.0
2651.61,755.47,,324.19,100.73,724.64,,504.0
2651.63,715.08,414.71,123.51,412.47,192.45,5878.82,440.0
6565.65,1935.29,985.08,784.21,-277.49,2001.53,2387.99,647.0
4375.24,1232.76,549.04,166.73,359.68,1088.46,516.18,606.0
2357.28,713.02,400.21,337.82,213.81,298.38,6572.95,428.0
3909.95,872.85,696.47,317.31,617.77,726.65,2152.83,552.0
2364.43,746.85,240.64,227.59,,,,498.0
2361.7,613.76,,361.42,84.23,645.58,5184.56,470.0
3364.32,1190.17,427.02,163.21,204.89,675.82,,501.0
1145.23,246.84,139.49,50.52,151.08,201.83,6844.79,401.0
1258.33,423.8,220.06,96.46,145.03,261.31,5580.51,428.0
2250.38,584.86,324.47,318.51,191.85,334.91,2602.27,501.0
1796.48,390.61,255.22,70.47,163.75,-18.82,8818.18,364.0
3488.14,,313.53,-46.34,564.28,1409.97,4342.22,538.0
1893.13,,320.06,155.15,168.37,408.03,4137.38,471.0
1471.22,399.01,165.99,179.59,168.77,,6486.48,419.0
6203.22,1712.97,941.64,918.14,1552.02,1204.72,3637.94,581.0
2662.74,589.3,421.57,216.94,92.07,336.81,4999.63,463.0
3083.33,767.08,588.36,257.59,27.41,559.34,9059.37,406.0
1462.1,522.14,161.91,213.69,244.19,58.57,4011.13,451.0
2270.62,763.78,134.91,57.24,180.02,971.16,3683.29,512.0
3150.96,856.48,,266.13,317.95,241.2,4287.87,479.0
1676.57,422.33,342.05,180.43,122.61,162.3,6640.06,411.0
3596.98,920.83,673.24,424.33,375.57,,907.84,563.0
2207.64,619.63,345.03,,476.66,725.89,406.6,559.0
2576.41,512.35,348.46,261.19,433.17,519.02,3052.85,506.0
2206.46,523.22,384.4,1.03,378.92,168.54,1070.22,521.0
7526.15,1253.64,909.11,554.45,263.61,2449.26,1892.49,692.0
2960.91,799.33,486.45,349.8,,808.62,5116.73,488.0
1756.62,496.0,290.13,,-88.44,,2691.52,498.0
4497.48,1015.71,817.67,460.36,321.29,1221.4,797.1,609.0
1619.02,532.17,376.89,190.84,287.22,711.46,4652.97,472.0
3309.1,624.47,535.32,285.57,499.73,1384.89,5732.36,509.0
1118.97,197.81,150.76,119.53,119.4,146.95,1274.36,500.0
1534.42,400.83,228.99,,182.08,556.06,6180.14,436.0
3289.3,994.54,318.82,301.75,258.76,783.9,5647.82,482.0
4312.33,,556.97,536.49,570.46,1077.69,5614.47,511.0
3247.64,737.4,447.27,345.16,538.95,99.94,6462.67,434.0
2813.48,855.11,377.79,215.34,64.84,514.76,8559.98,409.0
2564.32,636.14,396.37,279.43,353.82,304.43,3518.52,487.0
1423.31,343.54,178.38,183.02,250.43,402.52,4792.15,452.0
2079.91,611.87,381.94,37.44,197.79,638.76,3543.15,496.0
2367.71,669.15,355.17,346.55,383.67,-17.64,4293.64,455.0
5057.16,865.69,757.16,437.7,,1000.29,6548.6,501.0
3539.74,1146.26,496.14,414.22,402.61,1105.06,1248.05,581.0
1234.57,393.83,190.93,182.58,177.28,223.87,2907.53,475.0
3505.34,766.69,612.57,158.21,265.41,956.63,6702.76,474.0
2458.87,663.38,304.87,176.11,321.8,578.12,6302.41,448.0
2125.03,583.75,276.8,187.98,313.69,497.61,3636.23,488.0
4047.43,1064.61,,,533.01,699.67,5494.58,492.0
4991.54,1110.54,,845.55,293.59,391.05,4184.97,515.0
4748.77,1027.72,595.6,312.13,628.65,417.17,6575.92,469.0
1959.4,487.35,265.92,152.4,407.03,530.87,4561.2,470.0
2553.94,788.24,,276.27,375.22,515.76,6285.08,447.0
3517.94,975.1,555.4,182.63,625.21,654.86,9228.64,413.0
4855.04,1123.79,756.45,408.66,513.56,765.21,4739.69,521.0
2345.87,676.98,411.76,264.38,,397.58,4394.9,473.0
2716.69,292.24,396.31,235.5,371.52,827.75,5629.89,476.0
1714.42,,277.25,165.04,107.91,285.41,3755.11,470.0
1639.09,267.2,240.79,129.2,228.02,,9284.21,359.0
4475.01,1037.66,706.88,176.41,270.73,1227.79,4017.64,550.0
5873.0,1139.46,778.27,662.85,481.75,1054.28,2692.23,587.0
2875.54,532.74,220.94,489.41,377.73,584.14,2465.96,525.0
4923.46,1516.63,718.69,495.97,678.62,1776.18,5717.4,551.0
3571.78,809.42,688.22,389.36,173.75,707.01,5662.84,482.0
2159.09,577.18,,275.74,395.63,494.26,3357.56,494.0
3571.35,884.46,639.14,175.81,551.13,293.24,5081.5,473.0
6431.86,1761.38,1203.3,1081.2,499.86,1145.08,53.33,648.0
2928.04,743.26,446.99,316.5,81.24,764.08,4491.53,497.0
6517.99,,1016.28,1077.26,,289.81,3950.12,537.0
804.42,241.18,105.76,,75.01,177.04,8173.33,370.0
4496.04,,631.77,776.57,570.05,944.52,2109.55,572.0
3113.56,536.06,524.55,407.9,305.79,635.57,1509.23,548.0
2567.01,586.8,477.76,313.49,-1.15,779.64,2439.04,530.0
3120.91,1014.41,455.08,341.31,301.79,728.56,1390.59,555.0
1103.47,,150.62,99.38,112.18,383.79,7342.27,400.0
2670.88,621.16,400.67,395.35,422.05,268.8,7296.01,418.0
3563.71,828.69,598.83,376.38,278.35,761.18,4571.32,504.0
6241.32,1459.96,665.85,133.05,1377.59,1300.98,5570.19,551.0
2300.46,813.99,186.6,127.24,12.2,214.11,4577.78,460.0
1989.73,,265.6,184.18,395.3,588.22,4212.86,480.0
2319.53,629.76,262.99,260.72,247.12,1003.12,3638.07,515.0
4711.21,1420.5,634.86,460.46,808.33,934.23,2965.86,559.0
3513.53,920.33,511.45,522.67,438.45,880.15,850.34,578.0
2287.28,542.19,311.99,,430.86,476.79,4842.33,467.0
3853.1,925.45,745.86,407.44,372.82,495.67,3763.4,511.0
3129.22,771.1,500.06,85.37,169.24,,5551.96,447.0
4838.32,1200.58,769.36,630.86,992.97,626.19,3735.55,532.0
2098.49,600.97,353.94,201.92,237.53,127.6,,463.0
2530.49,639.19,293.12,,,937.32,,536.0
2450.25,702.32,443.92,160.36,475.56,461.85,4409.23,477.0
1434.03,352.72,211.85,216.79,83.29,237.2,6046.27,421.0
3456.67,877.76,588.03,489.7,538.31,998.69,1676.32,567.0
3396.59,,400.27,418.94,287.37,298.31,4155.97,488.0
2988.59,884.07,308.98,283.38,334.93,368.53,,477.0
2651.04,708.69,462.7,326.59,329.62,548.25,2768.56,514.0
1468.97,440.54,236.93,105.36,44.05,,3383.6,481.0
2415.54,254.08,296.96,324.22,176.99,604.29,4736.56,477.0
2511.52,890.13,311.2,416.86,504.98,564.67,1979.7,527.0
1995.92,485.05,366.78,285.07,345.64,414.78,5101.07,455.0
2750.0,839.88,314.37,194.74,319.66,660.06,2384.29,528.0
3648.33,722.39,727.04,417.58,491.02,803.24,6031.21,481.0
7654.84,2148.24,941.4,369.53,783.44,742.54,7379.2,512.0
3252.86,641.88,550.23,399.76,655.11,665.56,2302.63,537.0
3390.64,741.91,475.17,400.18,366.12,314.08,5051.22,472.0
2872.04,992.87,482.78,,384.6,597.7,2684.9,521.0
1142.09,274.63,152.67,61.13,215.58,173.52,6739.28,401.0
2941.7,767.41,426.89,260.85,215.8,1335.35,1586.97,577.0
3072.1,901.67,464.59,270.24,655.98,602.16,5039.54,481.0
10215.09,2806.94,1225.14,527.31,287.78,608.57,189.5,675.0
2707.6,697.26,466.32,312.89,,505.19,3773.75,494.0
3466.06,929.76,466.54,381.47,338.42,873.22,1898.13,557.0
2929.67,1084.48,419.36,270.2,308.9,1076.17,5765.8,488.0
1661.81,410.66,199.7,115.94,10.97,234.41,2827.5,484.0
5278.57,,386.02,,489.39,220.42,4520.36,505.0
4341.46,1313.43,626.34,721.62,250.12,1222.92,3009.37,566.0
4427.17,1351.51,984.51,357.08,369.85,274.22,3442.9,515.0
1891.84,585.24,328.31,142.86,211.43,295.85,4727.96,455.0
6011.31,,898.22,719.24,,1047.4,1672.96,607.0
1478.93,285.21,210.18,126.71,195.89,,4977.06,444.0
3997.52,1325.86,,377.46,553.5,1075.0,6861.41,484.0
8912.66,1717.32,1483.19,,,,770.01,672.0
1816.62,481.64,208.14,42.92,121.99,313.6,6798.63,417.0
2245.88,476.77,411.96,343.02,511.89,445.97,7322.43,420.0
3133.25,773.26,537.23,322.43,237.78,673.52,2427.72,533.0
2317.54,617.48,397.56,193.61,508.4,486.18,1394.63,531.0
1372.88,365.28,223.99,132.39,144.72,334.43,5192.06,441.0
3084.92,836.31,464.55,,370.61,877.3,2979.71,532.0
1752.59,579.56,298.27,53.9,322.87,419.33,8211.43,395.0
3777.42,1030.01,633.68,603.62,741.56,926.82,3936.39,527.0
1882.37,447.61,,191.35,213.37,78.64,2830.89,479.0
6470.23,1929.45,859.19,761.68,625.71,1326.54,764.61,644.0
2015.0,623.59,308.41,278.19,235.04,499.62,6575.31,433.0
2537.59,478.64,,150.11,355.97,692.49,3096.36,513.0
4477.22,1253.04,505.15,532.52,776.7,585.46,3744.49,525.0
1610.93,459.21,170.72,143.85,193.72,216.02,6428.33,416.0
3340.01,785.31,517.51,447.13,,476.25,,516.0
5730.58,1826.82,868.34,85.45,1250.99,1453.51,3188.97,594.0
1334.43,323.6,207.1,128.15,190.66,404.85,4566.53,455.0
3269.25,837.84,514.31,248.09,453.44,,5385.87,474.0
3394.6,819.27,486.46,398.15,97.99,987.14,5163.11,502.0
4406.83,1105.14,857.99,523.54,-166.77,,3237.72,550.0
1606.04,313.48,163.77,115.14,230.15,301.25,4645.49,453.0
1540.36,,192.77,110.16,176.08,275.51,3794.33,466.0
3869.85,1275.99,568.49,369.85,344.85,1062.9,,591.0
3458.16,718.09,348.25,221.79,465.51,804.22,4477.75,507.0
3378.7,677.19,488.98,451.66,393.2,1444.67,7770.77,475.0
3544.75,504.53,708.4,302.13,665.23,406.86,2169.14,531.0
2121.73,462.65,319.59,-34.54,265.57,534.27,2817.42,505.0
3348.03,615.52,525.38,284.61,251.72,492.43,2254.14,531.0
3451.4,1146.21,387.23,201.76,619.22,390.25,5413.76,470.0
2085.63,626.71,274.28,72.47,223.1,414.86,5271.28,454.0
7577.11,,1051.28,382.67,1148.63,1619.5,2409.79,644.0
3777.87,1369.94,530.67,394.32,345.13,1858.02,2030.6,606.0
1643.11,491.43,309.64,,133.11,298.36,4691.82,452.0
4139.28,967.59,690.15,465.78,517.62,360.04,628.97,566.0
1831.08,228.94,213.61,138.69,221.14,416.21,4737.53,460.0
4418.44,1610.73,695.44,522.42,657.42,-32.98,5417.52,464.0
5320.37,960.44,877.58,434.34,552.69,1015.15,901.49,610.0
1977.64,331.71,364.29,142.82,19.42,398.7,1341.67,523.0
4825.59,1453.12,952.65,259.74,453.77,1348.56,6711.2,512.0
3664.29,1363.07,438.06,109.66,614.24,1089.62,2677.19,556.0
4496.39,1435.31,,379.51,459.34,672.85,5922.98,489.0
7695.54,2140.86,864.0,818.21,809.7,1423.2,2383.34,637.0
2636.76,737.6,377.0,253.49,472.46,325.34,3885.06,483.0
2044.96,598.5,,170.47,158.04,178.31,5263.34,442.0
1910.73,550.19,343.21,118.79,52.41,441.36,2658.78,500.0
1982.46,523.49,292.85,246.48,218.79,144.01,4670.26,450.0
2868.23,732.0,402.71,135.71,260.86,454.72,3376.55,502.0
3535.38,872.78,546.4,463.28,219.28,,1298.4,545.0
3423.25,726.76,427.72,205.09,374.77,872.82,4647.99,506.0
4507.92,1063.72,958.77,315.12,673.89,1713.65,3121.01,590.0
3000.4,496.12,305.35,124.0,358.38,209.55,3785.83,484.0
6165.76,1511.12,959.04,492.91,853.46,90.63,729.95,581.0
2611.48,523.79,550.26,363.03,597.52,489.68,7399.36,426.0
11615.37,2262.91,1744.67,1401.11,1154.88,2341.31,3268.82,721.0
4075.85,1055.62,,567.1,557.17,904.29,5705.56,498.0
1941.9,620.63,270.46,234.75,173.7,301.71,3806.54,473.0
1745.08,516.4,252.32,97.47,120.79,314.0,1018.11,522.0
3794.23,650.62,725.4,329.22,322.15,898.29,7767.57,456.0
2665.82,534.55,222.98,183.39,243.32,810.52,4078.06,503.0
4259.9,1265.35,834.95,652.71,603.07,19.15,2224.43,523.0
3776.75,758.66,405.17,196.88,,616.01,4700.58,498.0
2874.36,686.31,,390.19,,636.33,,454.0
1951.99,541.68,267.66,264.92,185.44,211.21,4368.3,459.0
1397.69,281.75,234.33,242.06,162.43,521.5,7137.84,414.0
2384.49,608.69,243.35,199.37,342.77,325.39,,432.0
4574.26,838.46,749.56,587.76,621.24,895.96,1474.96,582.0
3317.77,729.68,699.15,634.58,653.75,848.03,2657.09,540.0
1599.0,425.32,174.46,120.4,-40.91,225.25,6435.37,416.0
3250.59,553.74,506.09,125.47,-75.47,49.87,0.0,550.0
3614.32,983.18,470.37,89.63,326.18,567.93,3616.79,514.0
1916.15,477.16,311.9,246.24,356.09,580.49,1563.49,527.0
3219.12,893.71,484.72,79.43,83.89,535.37,3081.16,516.0
3068.99,801.61,401.29,261.19,-185.54,354.03,3481.66,498.0
1683.31,535.64,277.13,197.78,259.69,,3778.52,479.0
3564.91,913.55,727.71,382.9,479.91,595.06,2826.0,529.0
3945.74,901.72,569.26,461.72,215.39,587.85,1621.99,556.0
5123.15,,879.1,557.87,311.83,1101.2,8046.88,480.0
5048.78,1399.34,561.43,763.15,,1398.89,7220.29,508.0
1496.92,377.89,181.59,92.67,189.56,655.91,,512.0
1865.13,470.07,306.2,136.01,153.73,527.32,7604.69,413.0
3856.51,828.77,750.18,266.46,577.1,1218.6,3044.12,558.0
3854.1,835.78,619.23,513.4,-197.63,575.82,4102.14,509.0
3856.53,693.67,542.26,,264.52,375.68,3716.49,506.0
20462.84,6905.78,3068.99,2415.62,1073.01,4220.12,0.0,850.0
3965.73,744.79,446.1,584.31,414.89,835.65,5777.99,492.0
5259.46,1132.65,884.3,278.11,461.34,484.65,3673.94,533.0
4803.02,1028.23,847.59,800.61,806.29,876.41,2605.99,564.0
4128.61,1216.89,563.3,664.42,34.84,990.58,1152.24,586.0
2546.22,599.0,346.03,,312.5,601.01,2448.94,521.0
4356.76,,,746.19,668.76,1091.06,410.21,608.0
2025.53,438.17,277.29,68.33,468.71,464.04,4416.79,471.0
2648.08,698.96,391.96,209.26,241.22,395.36,1812.24,524.0
2338.62,486.98,498.11,165.08,326.16,347.54,3767.29,482.0
3105.52,1109.47,442.81,400.17,36.55,248.77,6808.55,432.0
9483.69,1807.78,1320.6,550.0,-223.03,3589.36,4553.49,726.0
1171.88,311.12,153.02,152.7,200.02,235.95,4583.88,444.0
4201.22,1183.44,723.98,650.44,502.74,745.78,3565.46,532.0
1330.94,360.27,192.41,170.1,253.82,142.57,8360.47,373.0
2354.38,566.78,307.29,262.16,88.51,1162.04,5335.2,492.0
5138.29,1251.22,,310.79,776.88,476.15,2802.9,546.0
3078.32,776.32,592.85,203.56,714.57,483.65,1224.47,546.0
1739.11,421.99,229.54,260.84,252.49,420.14,5266.01,449.0
2084.63,621.62,195.96,,284.75,542.05,6033.26,446.0
4187.25,1509.61,754.65,412.19,504.62,1238.56,2480.52,575.0
2068.99,459.58,267.85,172.31,53.27,787.79,4961.71,477.0
3321.69,602.92,577.04,63.0,668.77,832.47,3276.35,528.0
3049.66,748.95,277.2,,254.18,287.88,3717.04,490.0
2152.1,815.61,380.44,379.75,323.39,375.12,0.0,549.0
8707.78,1827.03,989.77,424.78,228.3,2009.61,1944.1,687.0
4092.7,1358.6,703.63,440.29,,1665.0,5710.93,534.0
1082.93,361.57,162.9,,223.2,,,456.0
3272.23,727.48,397.19,162.97,,1047.96,4123.38,522.0
2141.17,,295.03,229.94,443.64,466.76,2845.75,501.0
4565.2,1513.0,778.78,627.79,526.4,1295.53,4351.32,549.0
2005.68,463.4,307.22,201.57,19.03,380.68,3965.25,475.0
2814.76,675.04,471.56,,488.43,325.83,2277.09,515.0
3837.18,847.69,803.1,127.61,324.65,1055.56,6513.95,487.0
4595.71,915.75,473.69,654.2,744.14,1219.9,5479.15,525.0
1635.74,355.83,324.72,152.27,198.76,486.15,3299.46,487.0
2521.85,476.13,386.17,330.05,69.13,501.01,5239.02,465.0
2350.84,591.72,,276.58,305.27,329.16,,452.0
2150.24,454.78,236.72,151.97,541.37,94.87,,433.0
7206.42,1885.84,1040.08,786.65,1077.93,2031.76,0.0,702.0
3650.03,628.55,648.43,93.75,425.41,884.73,5918.2,487.0
1586.93,422.99,231.97,196.99,292.82,164.12,3384.52,469.0
4717.01,1375.84,921.4,527.96,625.66,689.36,2869.24,549.0
8613.43,1294.71,917.03,1081.39,1141.9,1320.65,7691.73,548.0
4995.2,1342.22,747.47,710.94,272.25,258.26,4105.19,510.0
1394.53,434.23,156.78,159.96,186.91,164.88,3809.0,458.0
2339.95,443.46,376.52,247.86,426.17,202.68,0.0,544.0
5616.45,1873.81,991.9,363.71,392.23,891.62,6094.59,513.0
2092.61,566.99,287.48,149.64,429.97,263.94,1681.8,512.0
3721.6,799.21,267.48,548.82,426.11,138.81,1876.64,527.0
4391.02,,,691.38,293.03,1766.33,3019.99,593.0
1875.32,521.18,305.87,169.67,337.29,609.96,7270.23,423.0
2893.54,734.38,469.13,294.68,297.43,353.3,5678.42,455.0
589.55,163.27,110.29,37.62,97.61,133.97,4507.46,432.0
1786.13,364.31,210.53,262.4,183.07,431.79,5080.75,453.0
2627.31,679.08,447.71,332.66,305.85,838.4,3011.04,523.0
1597.36,286.43,,283.77,238.99,188.71,,444.0
6742.63,1648.16,651.62,437.37,926.8,2084.89,3123.88,640.0
1458.16,298.64,,123.77,0.39,211.74,,412.0
2392.22,510.08,322.65,261.37,126.13,158.88,6216.69,429.0
3182.33,992.27,469.57,400.53,559.34,866.91,5033.26,495.0
6128.08,1866.4,983.13,559.94,686.78,,2436.88,641.0
1453.99,407.78,196.85,94.63,128.79,667.08,6047.45,442.0
5332.53,1041.89,691.78,721.26,205.23,426.75,3216.3,539.0
2996.25,701.66,,386.05,165.44,808.66,1937.3,547.0
1824.84,566.9,214.2,,-2.39,290.19,3645.97,474.0
3755.78,965.56,441.02,579.21,427.87,1045.37,4042.32,530.0
3292.92,1205.1,561.05,483.43,276.91,174.36,5832.56,450.0
2208.11,595.45,255.12,232.67,136.91,162.79,,467.0
3086.83,801.35,524.73,318.51,357.8,377.87,1655.55,533.0
2458.59,576.65,402.91,300.35,348.72,,4375.91,480.0
3155.05,,309.91,206.76,774.85,428.75,,488.0
4150.84,1006.07,538.25,420.07,121.57,1103.73,4126.42,537.0
6588.02,1880.26,1224.21,91.6,1248.84,1994.12,4863.34,602.0
1605.34,478.13,193.55,216.81,286.37,417.32,6556.24,423.0
8660.4,1824.75,1178.4,,634.41,3134.01,1213.46,753.0
1123.22,206.04,184.05,179.87,148.48,271.35,3430.75,466.0
2763.1,437.09,479.4,239.82,255.7,216.38,2090.67,512.0
4000.44,1101.72,569.88,366.17,524.62,1345.5,5197.5,527.0
3430.62,668.39,453.1,256.92,722.31,478.52,6868.45,447.0
2183.43,310.82,420.68,193.19,341.35,635.47,3714.81,494.0
2686.35,723.78,543.09,421.06,404.34,960.03,,517.0
2329.71,872.83,417.87,1.14,219.42,572.34,7234.65,429.0
2220.12,554.36,338.7,335.41,68.73,111.86,5345.08,440.0
4558.74,1330.81,573.27,517.51,490.03,493.16,4504.85,508.0
3563.53,905.46,445.75,184.3,685.61,1184.07,1549.11,580.0
2108.11,516.6,349.26,120.14,59.81,385.97,5725.02,444.0
4674.14,1383.33,759.79,780.84,265.0,972.02,1739.49,583.0
3476.04,818.56,667.57,216.14,443.46,958.98,1689.15,565.0
4475.76,1178.78,758.7,241.09,272.67,1206.81,2963.73,568.0
4083.93,1086.67,428.44,594.18,295.87,930.65,2603.24,556.0
1969.44,,357.57,223.61,186.28,352.79,3965.97,473.0
2252.76,674.93,270.46,140.76,85.75,380.12,1442.21,525.0
4331.4,1044.96,,470.67,266.61,1237.87,5618.21,519.0
4044.79,858.36,637.08,238.52,656.09,1032.87,6041.94,497.0
2949.97,816.63,619.11,424.89,122.59,514.09,220.32,564.0
3161.06,648.26,769.08,450.31,76.27,974.27,6008.6,482.0
5646.73,1419.64,949.79,684.84,464.15,1056.48,1684.92,602.0
2217.67,553.41,320.46,253.85,363.51,254.66,6048.65,434.0
3918.83,,,667.95,423.96,486.34,3687.46,513.0
2694.33,737.53,475.9,269.4,248.22,275.16,4249.25,475.0
2673.54,665.04,375.31,140.96,327.94,461.88,3827.74,491.0
5163.6,1502.03,1052.63,609.2,78.78,1669.77,5875.18,547.0
4503.94,1439.06,706.68,,674.16,538.18,1169.64,570.0
4477.21,1244.17,738.44,265.99,640.27,979.83,4872.52,523.0
5725.81,1434.42,973.26,489.79,546.48,769.15,5484.92,520.0
3012.43,555.52,489.96,351.42,543.31,524.07,5528.95,468.0
4192.18,824.79,734.34,410.18,219.46,,8391.74,417.0
2552.6,599.19,335.62,154.96,479.06,454.23,,501.0
3505.48,769.54,467.11,507.85,453.15,633.19,5862.97,474.0
2793.16,672.18,326.79,538.53,278.78,709.54,3949.87,502.0
3129.09,791.14,510.62,337.46,371.76,695.68,6528.09,459.0
4014.14,1109.85,695.92,256.25,455.86,321.78,3780.38,505.0
1980.07,488.04,324.2,75.32,382.58,610.69,3630.23,491.0
8486.17,2327.97,1699.23,936.19,470.13,1875.7,5066.29,620.0
1802.61,456.46,270.09,259.86,133.84,396.28,3476.09,481.0
1624.42,245.66,276.25,,295.93,,1687.22,508.0
5319.08,1079.95,623.66,531.4,448.23,788.42,2370.58,572.0
4428.57,1075.24,612.86,338.47,770.71,982.17,4909.49,521.0
4072.69,771.84,695.88,229.35,904.0,1008.23,6562.27,487.0
4081.31,,716.16,544.41,391.37,103.3,3997.87,491.0
2962.76,967.45,418.29,404.57,476.65,432.93,6747.57,440.0
1903.35,591.82,281.41,72.65,96.65,332.14,1712.65,512.0
3096.11,740.99,323.43,506.5,511.74,698.54,3184.64,520.0
2124.77,689.57,295.96,261.27,280.4,678.51,3785.42,494.0
4854.01,1249.58,857.76,757.15,720.25,596.2,3314.68,539.0
2769.64,645.73,463.24,128.28,225.08,416.01,4337.3,481.0
1972.88,432.71,325.56,89.5,40.12,293.46,5789.96,437.0
2538.45,,384.56,238.72,381.26,304.23,3348.85,490.0
3664.57,845.02,550.46,440.16,-13.94,605.69,4178.69,506.0
2248.77,581.35,292.77,386.46,227.03,623.09,4235.12,485.0
1976.12,509.9,337.85,253.42,348.73,186.97,2555.38,491.0
3367.22,842.32,547.61,304.04,442.84,817.5,3762.5,519.0
3369.38,915.96,555.14,198.61,798.21,100.44,3701.87,486.0
2313.53,716.11,310.52,345.18,419.92,,3975.78,477.0
2355.44,700.69,201.15,144.65,190.24,393.48,4356.89,473.0
3347.69,588.37,612.34,552.83,407.21,1230.23,4147.04,531.0
1445.13,176.75,196.01,128.07,169.31,249.31,3701.87,465.0
1474.79,437.59,183.05,241.31,36.97,,7102.99,390.0
2081.36,378.09,355.51,264.66,132.32,0.23,2036.63,493.0
2679.21,639.69,370.37,253.24,,544.96,2754.3,515.0
3482.32,666.84,633.08,275.88,-7.57,910.2,9515.23,420.0
6233.41,996.73,1050.39,538.34,765.77,1480.72,,642.0
4577.14,1268.2,780.43,536.13,480.85,992.13,919.35,597.0
2751.86,792.42,300.01,283.68,54.01,870.21,5643.4,478.0
2952.75,653.07,550.27,225.14,425.94,431.22,0.0,564.0
1805.76,217.5,285.02,168.61,294.25,522.75,3987.72,478.0
2953.49,657.71,410.3,304.63,394.65,108.68,8405.6,394.0
2580.33,695.63,398.15,38.32,259.47,282.56,,530.0
3502.94,616.71,338.78,414.49,544.66,67.59,0.0,555.0
1971.17,510.86,319.84,119.87,316.99,340.06,1410.29,519.0
3864.83,963.25,460.37,208.19,535.06,755.09,5637.27,489.0
6414.84,1789.51,701.91,208.52,,1356.16,5325.1,561.0
2823.18,,294.54,79.74,385.64,582.11,3127.87,512.0
3644.07,733.72,668.25,166.83,698.67,390.81,5273.2,475.0
4209.39,1304.19,551.94,301.56,354.44,761.8,,478.0
2439.11,590.44,478.09,434.48,,122.58,7842.96,398.0
3334.39,829.05,446.56,263.3,294.97,1121.43,3507.01,538.0
2999.79,609.97,296.32,321.31,365.81,508.88,0.0,568.0
3130.16,713.16,364.68,363.16,249.32,473.0,2419.19,524.0
2025.34,416.73,378.89,213.15,270.17,726.88,3538.79,499.0
3017.71,728.33,438.54,292.42,46.67,228.67,3576.81,489.0
3823.8,1283.21,510.67,199.56,333.58,334.36,3477.14,508.0
6158.4,1117.16,953.32,973.26,335.46,556.58,5390.27,518.0
4815.69,815.4,794.85,829.68,616.99,930.45,,503.0
8748.09,2830.52,1605.47,286.01,1571.74,2127.21,2032.23,692.0
2031.09,486.51,392.92,119.91,322.46,556.45,6587.64,435.0
4610.82,998.46,641.86,409.48,-102.82,2108.06,4332.08,588.0
3267.14,986.66,360.1,200.66,792.36,-81.49,4148.87,468.0
8909.75,1957.64,1225.95,1071.3,,2324.32,4140.16,665.0
1989.92,679.16,314.03,141.02,146.08,287.12,4547.53,459.0
1958.9,,237.2,365.54,253.54,276.91,8527.95,385.0
2209.02,498.36,267.92,326.1,288.43,304.9,1460.47,520.0
1030.76,368.87,165.24,111.84,82.45,,3660.43,453.0
2291.87,503.56,340.44,323.34,302.24,,4059.4,499.0
2039.45,585.54,307.92,294.16,170.4,579.67,5267.07,461.0
3213.76,851.53,408.94,,307.68,650.21,6571.79,457.0
3536.45,,506.02,238.18,278.75,1185.07,3890.27,537.0
7616.6,2498.82,931.3,785.47,259.27,371.29,0.0,629.0
4794.44,1206.28,847.21,644.69,617.29,320.89,5246.7,489.0
2234.0,474.34,404.48,235.83,346.53,-39.76,5839.72,424.0
1902.25,519.31,179.98,,287.04,247.4,545.61,530.0
3812.19,823.87,465.52,258.8,645.01,824.08,3848.73,524.0
1540.53,540.22,161.92,149.49,214.84,323.95,1357.56,513.0
7448.21,1912.9,971.99,722.28,655.71,1600.87,1436.23,659.0
5376.11,1245.83,792.96,,915.98,316.62,1581.55,565.0
2357.63,611.18,251.11,105.06,90.88,660.88,5911.24,457.0
1265.77,231.18,154.86,152.18,83.49,283.49,4853.93,443.0
5866.05,1181.54,703.23,,364.56,1603.22,669.0,650.0
2815.04,872.72,439.76,537.27,520.23,30.19,5915.62,434.0
5535.34,1202.03,841.82,463.99,977.36,1279.49,471.79,633.0
1343.17,265.48,172.39,160.72,200.45,,5257.28,428.0
2209.04,611.53,343.07,271.25,407.16,354.04,2709.27,499.0
2988.78,924.39,399.3,322.25,200.97,757.47,3372.01,518.0
3051.81,872.66,432.9,293.11,430.05,638.16,5093.0,482.0
2380.27,713.61,476.54,279.54,267.76,273.36,5328.82,450.0
4070.11,,774.19,-5.25,695.23,816.58,6452.91,480.0
1747.93,312.72,194.04,222.48,,81.88,4311.11,450.0
2776.12,902.42,485.52,291.62,269.02,874.55,4780.07,494.0
3165.76,740.36,551.92,288.4,482.63,568.16,3174.8,515.0
3855.36,915.49,445.49,701.19,,1202.31,4207.37,536.0
4254.82,1346.27,742.74,310.61,339.96,626.93,4602.53,508.0
1698.8,471.95,333.2,142.49,197.63,250.81,4293.74,458.0
1384.29,377.63,161.03,248.7,78.2,171.07,977.21,510.0
5646.77,2022.96,691.59,,-168.75,1624.11,3968.91,587.0
3519.79,766.7,635.43,274.53,464.71,,4673.19,487.0
2050.33,607.7,324.25,192.97,320.95,542.23,3024.55,500.0
6474.17,1637.0,1078.24,,878.7,1047.23,488.97,636.0
3158.45,832.03,506.04,342.1,9.56,7.59,,418.0
5375.72,1754.76,869.37,259.62,531.92,768.56,4370.18,535.0
3083.31,849.12,339.8,242.7,-40.39,253.11,,491.0
8352.98,2313.06,1515.39,632.37,1688.82,1698.91,220.04,699.0
7170.07,2177.02,1327.09,694.86,393.18,580.48,1205.35,611.0
2632.05,609.98,376.69,308.04,514.1,770.13,6815.57,450.0
4845.4,1008.03,720.49,565.59,856.44,924.95,3821.7,545.0
4116.21,814.02,428.36,119.2,271.52,750.14,2663.96,547.0
5909.5,896.37,977.59,842.44,307.49,1569.5,4246.53,583.0
1840.03,649.18,307.58,202.59,259.49,545.37,2819.19,501.0
4200.78,818.48,622.28,652.72,291.28,831.71,6741.45,477.0
5060.46,1209.13,929.76,595.96,638.37,621.83,6187.46,490.0
1237.23,292.18,,178.23,112.63,27.97,,452.0
1649.74,437.79,275.4,195.76,,216.77,3247.74,475.0
1075.33,312.69,128.41,165.44,-14.87,,0.0,523.0
2605.28,763.41,388.95,314.95,348.07,548.95,,541.0
4267.45,942.45,,410.03,368.31,706.2,1040.83,577.0
6318.13,1526.74,990.43,1206.11,548.51,1698.27,3374.94,611.0
3093.47,817.08,429.73,419.36,500.37,429.07,3419.49,503.0
6729.85,1598.78,982.93,827.43,1281.41,1307.58,290.37,655.0
1495.1,493.93,261.32,73.18,154.96,,3989.14,471.0
1271.95,349.21,174.13,61.65,126.64,297.87,5629.09,430.0
2899.3,831.36,295.16,323.88,434.92,562.45,5185.89,474.0
3612.06,1022.73,731.4,382.23,139.37,504.99,117.04,575.0
2932.62,905.22,561.43,221.22,391.18,400.82,3863.69,491.0
1060.27,274.66,117.94,112.01,162.34,121.87,1915.24,486.0
2851.04,527.89,486.65,466.27,458.49,,5948.15,452.0
1552.72,419.21,209.48,,5.89,427.88,6102.48,431.0
4166.52,905.94,657.91,226.49,309.65,740.85,1953.99,560.0
3580.65,800.52,568.7,342.09,240.99,232.82,2393.71,520.0
1863.22,520.43,266.38,126.33,234.75,702.09,3518.5,496.0
2305.53,719.13,291.62,194.8,343.17,534.87,0.0,559.0
1755.3,440.69,226.93,146.49,368.27,104.1,5145.35,436.0
2888.98,766.86,353.94,233.7,260.88,450.15,3587.62,498.0
4805.76,1610.46,600.94,239.3,433.22,1014.44,5498.62,518.0
1820.99,477.17,269.48,172.8,344.13,674.6,2256.88,517.0
3835.38,1457.77,492.95,297.53,528.49,342.07,2611.14,525.0
2286.71,636.34,389.8,,448.33,680.53,1300.94,542.0
2005.33,324.79,390.27,365.21,275.38,681.71,2389.82,518.0
2825.62,812.84,374.67,,142.9,387.49,1788.35,527.0
1776.46,477.97,279.23,150.91,71.08,,6459.01,422.0
2260.12,710.78,372.9,227.71,60.82,217.81,2925.44,490.0
1637.72,464.55,268.85,87.02,261.58,294.22,4757.04,451.0
7961.42,1935.24,1212.35,1336.16,1523.15,1563.15,1850.05,657.0
3033.98,572.77,522.7,533.65,700.73,,1550.88,554.0
2100.93,503.28,345.53,223.26,358.39,649.23,4033.12,488.0
3317.58,688.31,374.46,467.58,629.58,415.33,5202.93,473.0
2818.15,622.74,496.2,301.57,240.1,9.21,1739.04,510.0
2669.15,745.84,471.42,124.2,135.1,528.16,5817.48,457.0
4052.48,1351.48,515.08,338.49,692.99,929.45,2084.81,565.0
4353.58,1174.31,,458.33,631.53,979.3,2727.96,560.0
2286.44,434.89,389.84,187.07,,382.6,5375.43,453.0
2235.21,608.49,321.25,203.97,320.18,474.93,3002.56,500.0
2597.94,804.92,473.32,,362.13,913.29,4295.77,503.0
942.97,206.99,208.32,91.25,185.79,224.59,4087.73,450.0
1397.45,340.0,176.67,142.67,276.27,227.31,,443.0
5904.31,1480.41,641.02,339.95,901.31,885.53,0.0,629.0
6785.1,1429.99,1079.61,483.91,1158.54,1241.77,,658.0
2631.95,743.3,,127.96,397.01,957.17,5442.35,484.0
3976.98,970.19,569.0,553.25,367.19,722.5,5881.27,485.0
3482.92,943.79,674.29,54.94,576.05,689.69,2134.15,545.0
13897.17,2857.61,1526.49,2030.98,504.89,2109.15,342.79,797.0
5217.57,1190.27,891.1,811.09,956.03,1616.92,4024.17,579.0
2796.27,800.07,368.62,245.83,135.14,1107.28,5547.55,492.0
1848.68,427.71,372.66,-7.63,253.54,453.04,390.04,541.0
1335.12,449.07,280.08,114.22,92.51,278.08,,481.0
3300.18,759.1,419.12,321.55,505.6,672.17,,519.0
2042.29,533.52,272.67,121.67,240.92,-78.49,5793.59,420.0
1463.92,434.24,257.34,116.22,,401.87,9557.68,365.0
2157.52,386.37,298.57,347.81,313.36,460.45,3896.73,482.0
1735.8,281.13,,219.75,148.11,421.51,1665.31,515.0
6929.69,1203.81,1044.73,436.69,1197.93,892.92,3725.63,576.0
4632.35,1450.52,428.07,167.21,556.25,748.38,6252.29,489.0
2969.1,660.35,,258.07,426.73,471.78,4325.3,487.0
6247.72,2361.08,807.88,571.43,390.77,1887.83,1312.39,657.0
3098.53,687.22,418.94,371.35,262.26,502.35,5986.43,459.0
1937.9,502.36,374.61,152.29,179.22,791.18,5745.72,461.0
6384.08,2088.27,716.96,769.03,1094.25,1551.88,1032.61,648.0
3902.82,1367.18,680.64,692.38,861.13,282.69,4592.01,486.0
1774.68,626.6,251.35,235.36,127.23,332.12,6462.13,423.0
2710.34,841.34,383.8,265.82,500.36,365.44,6550.68,437.0
1924.06,579.53,334.23,178.31,-19.59,-37.4,4289.88,448.0
1493.09,417.51,239.2,128.01,72.19,537.43,3835.91,477.0
4736.67,1368.51,791.58,697.36,295.92,1280.39,6033.55,519.0
7744.27,1722.64,1386.58,580.1,300.86,1961.78,256.4,702.0
1481.36,309.74,207.48,150.82,37.01,320.77,5432.75,437.0
3950.05,,519.96,403.09,571.89,244.11,1074.93,550.0
2153.13,519.96,252.88,172.1,,,6484.81,428.0
2336.57,531.19,292.63,105.38,333.58,664.0,3782.94,496.0
2216.76,631.38,528.64,250.31,357.85,210.32,,416.0
1935.27,576.26,362.55,188.8,263.07,-102.91,5402.24,424.0
3054.16,777.04,334.33,,487.03,541.47,1637.31,540.0
1967.51,637.23,217.07,154.76,227.89,365.61,7259.0,413.0
3412.6,658.34,561.22,507.91,166.47,728.78,7078.71,455.0
2907.01,698.6,483.78,188.75,533.35,793.18,5892.47,472.0
2645.26,566.51,440.35,445.68,223.93,,2683.25,523.0
1893.57,296.67,269.55,56.99,120.93,427.71,,478.0
2234.15,549.3,326.71,262.27,244.25,713.93,4620.61,482.0
4348.98,1060.77,695.13,,283.69,209.2,2287.89,532.0
3829.38,1247.12,584.27,261.08,363.62,959.1,7235.88,469.0
1828.45,514.78,152.53,213.88,257.16,480.25,4740.12,463.0
3132.75,622.76,448.32,473.61,441.41,238.23,0.0,557.0
4340.28,1487.43,540.18,49.16,287.02,215.77,4376.63,494.0
1293.75,402.42,200.86,155.39,117.39,162.24,3915.56,455.0
3911.52,1091.72,937.04,1.05,721.52,523.54,,515.0
2140.27,510.83,344.64,131.36,320.58,589.31,3620.68,493.0
3965.15,801.07,557.48,654.91,969.49,549.36,5424.55,485.0
2035.24,470.93,361.57,156.16,388.34,232.76,6628.8,419.0
1209.01,368.07,198.86,64.13,228.09,167.85,5203.4,430.0
1321.11,454.76,214.82,,48.52,412.01,3925.04,467.0
3053.5,998.99,513.62,557.92,506.37,,4001.28,501.0
3394.33,765.62,718.57,90.74,396.5,618.02,4020.9,505.0
1896.64,367.98,220.15,109.91,164.9,358.46,2826.15,493.0
4102.27,1054.47,673.63,655.94,533.63,,4927.18,534.0
1298.86,209.87,158.73,226.4,229.53,162.47,5530.43,425.0
2884.08,767.62,480.68,276.48,432.76,956.22,7215.66,455.0
1627.0,394.74,199.21,82.06,109.48,359.65,7022.6,412.0
2151.85,487.82,295.83,395.58,354.08,395.85,2983.1,496.0
3052.45,519.72,430.85,499.92,249.52,1373.88,5724.86,505.0
1938.74,,347.57,246.53,257.85,183.09,2516.47,491.0
2459.52,,436.7,166.03,250.38,404.91,5654.01,452.0
4930.26,944.17,555.29,483.36,526.89,378.43,2487.69,545.0
2234.01,237.67,338.78,209.07,370.79,659.58,2283.29,522.0
4527.14,1125.56,,512.63,260.71,1670.15,4201.95,568.0
1694.51,573.78,190.2,267.8,401.11,621.87,0.0,554.0
3885.09,1293.98,557.47,525.17,41.71,1252.53,332.52,610.0
6128.98,1392.17,862.63,348.77,515.69,1104.67,2806.32,591.0
866.25,190.48,193.0,134.32,123.19,141.61,4905.01,429.0
2001.3,547.23,326.19,225.2,310.32,65.81,3660.97,465.0
3978.01,795.92,432.3,507.13,453.38,1605.47,647.72,623.0
2693.18,713.93,358.35,427.3,,664.94,2556.26,524.0
3588.8,1034.67,648.29,199.31,519.06,541.21,4705.78,492.0
2203.95,686.19,468.68,217.24,233.92,733.49,5502.38,466.0
3112.85,762.62,318.82,245.11,633.75,319.76,4033.7,487.0
2757.73,661.35,258.13,102.82,469.81,,6486.35,453.0
5344.86,1101.58,1101.73,608.61,921.29,976.7,4191.34,548.0
3385.34,706.37,547.37,678.63,209.99,893.28,2489.49,546.0
3529.11,842.31,437.44,93.16,406.68,683.39,3380.26,522.0
2426.15,651.1,402.84,239.48,247.4,133.21,1466.42,515.0
2336.0,690.71,165.69,293.45,139.37,484.85,4082.92,482.0
2401.19,503.87,360.42,251.94,340.03,732.09,6503.84,451.0
3630.86,1178.7,580.34,346.66,318.58,715.56,5281.32,490.0
2415.13,571.04,429.24,116.0,384.79,670.23,7079.48,437.0
3445.72,857.75,412.05,376.66,192.23,328.88,3360.51,504.0
8414.41,1789.24,1283.79,586.73,1877.61,1660.79,5167.88,607.0
4608.06,593.46,563.28,57.15,305.15,633.83,3230.97,538.0
2532.57,745.09,399.29,374.27,337.23,,7183.4,438.0
5434.96,1558.98,669.26,751.85,910.42,1104.11,3325.8,571.0
2430.77,573.5,334.86,248.1,208.47,653.9,5685.23,462.0
1075.93,272.59,129.25,117.45,184.14,332.22,7627.45,392.0
1800.75,496.64,305.29,257.46,83.28,484.69,4072.92,475.0
1169.82,201.06,,127.48,242.3,265.91,5085.83,436.0
2500.49,558.98,357.47,340.47,302.18,250.5,6827.58,423.0
3008.54,871.61,454.73,265.05,253.37,600.87,3831.43,502.0
6892.7,,734.36,1050.99,703.39,1011.1,290.41,644.0
3510.32,929.1,494.99,396.07,591.61,581.29,8232.92,428.0
2671.65,486.7,396.72,287.9,226.91,434.27,3258.98,500.0
4512.93,1233.48,1031.76,222.03,338.64,460.35,3963.63,515.0
986.77,244.93,115.1,110.0,105.3,4.21,7015.98,386.0
3353.66,567.58,650.36,223.76,165.61,446.66,2776.91,519.0
4382.75,1350.93,788.48,326.38,1004.67,961.3,1669.44,579.0
1423.26,303.54,225.47,95.91,122.42,,5080.5,432.0
5281.03,1106.31,1070.77,302.87,,1064.49,0.0,628.0
3530.69,918.08,569.02,653.15,468.06,1377.06,3364.98,555.0
2422.02,744.61,391.58,371.18,147.57,732.19,4763.47,483.0
4090.37,814.84,,723.24,489.38,1490.34,3232.99,571.0
9277.49,2347.98,1732.17,473.93,1549.71,2218.37,0.0,741.0
3264.73,886.18,597.1,335.78,354.89,1034.11,7208.94,465.0
3374.86,960.67,442.88,162.87,646.58,430.64,,493.0
2369.23,613.21,261.62,170.99,429.52,321.19,7151.54,419.0
1949.01,451.49,280.48,123.32,341.34,-144.06,3895.22,450.0
4515.03,941.93,568.89,675.37,417.28,1438.55,1885.47,600.0
1942.94,494.1,287.74,163.5,107.27,687.86,4955.48,470.0
3089.56,606.77,578.13,440.99,257.0,447.0,3641.56,500.0
2347.65,244.0,319.94,291.5,309.36,409.91,1940.18,518.0
3787.61,1029.58,563.28,727.77,578.55,471.99,6803.29,453.0
3522.16,1039.73,534.45,143.78,-36.26,839.21,2698.81,542.0
5007.89,660.31,878.65,753.03,,1564.93,0.0,648.0
2309.97,460.87,190.79,336.93,299.11,59.42,6963.34,409.0
2604.67,731.8,343.29,159.05,269.19,627.58,,509.0
1827.34,644.82,285.68,256.35,360.86,314.91,3236.15,482.0
2387.14,599.27,444.01,270.81,346.87,504.5,753.08,545.0
3599.86,768.93,486.86,327.23,714.97,885.2,7401.92,459.0
4352.45,1048.31,407.84,291.8,465.9,788.58,1115.3,581.0
1879.79,599.17,316.92,133.91,331.31,356.49,4552.96,461.0
4604.56,1002.42,602.92,838.0,1004.27,822.43,5443.87,507.0
5871.23,1233.2,,587.28,1166.62,1743.94,4082.06,594.0
3665.49,827.9,481.17,481.22,199.66,886.59,3781.04,526.0
7618.98,1541.58,1100.67,520.86,798.31,1691.86,0.0,692.0
2024.56,518.56,266.95,139.3,201.02,147.6,2773.18,486.0
1599.86,529.93,134.12,229.23,238.95,259.4,4895.64,446.0
1224.93,326.02,216.7,56.37,197.44,355.07,3058.17,479.0
6298.22,1495.09,1185.62,525.22,438.77,1283.39,,589.0
4134.75,973.36,701.03,419.1,513.0,1099.65,5123.06,519.0
2899.25,498.21,335.93,302.84,-3.47,1092.01,6055.23,483.0
3428.86,1008.62,493.6,318.32,,1041.9,1518.98,572.0
1698.08,417.91,254.38,196.69,151.57,355.44,8883.87,379.0
10126.15,2440.16,1700.83,1293.25,1249.08,1507.79,3497.11,656.0
3179.92,1302.67,540.75,411.44,322.51,-176.02,4042.6,464.0
3148.55,834.17,402.94,190.7,594.33,576.69,6234.51,459.0
4285.03,910.19,653.3,379.8,-215.32,717.31,8445.31,442.0
3791.45,867.04,620.73,560.34,451.2,906.3,985.12,580.0
3334.05,1024.96,645.72,452.72,378.92,615.5,3549.26,513.0
2007.74,513.31,,90.52,186.28,337.22,,545.0
3773.41,671.99,655.33,430.39,843.63,83.24,4253.28,481.0
7638.93,2260.83,1165.05,159.43,509.98,809.75,3439.11,587.0
5841.31,1265.19,1123.36,595.1,971.46,1446.69,3169.28,596.0
6611.68,2272.2,1073.03,,934.73,2456.84,1707.43,682.0
2308.59,701.82,286.65,143.33,451.77,,208.39,551.0
1817.46,413.72,,121.09,145.34,423.07,5201.83,451.0
2799.25,879.11,478.5,365.47,212.8,826.47,7071.09,451.0
3065.18,776.69,419.04,117.36,569.4,364.48,2898.41,509.0
5151.77,1507.61,698.66,384.78,749.68,1219.33,4334.59,554.0
1278.92,350.73,203.22,158.4,34.92,,1480.04,499.0
6404.62,1330.13,1049.69,477.97,561.31,1834.81,3993.04,608.0
2754.51,599.99,429.48,249.45,,592.61,3386.88,506.0
2408.02,726.01,383.69,312.48,410.0,553.47,2752.76,511.0
1797.13,419.2,361.22,210.02,142.42,218.78,2940.13,483.0
1303.19,299.5,237.37,144.23,-71.49,,3821.82,466.0
4498.89,909.87,700.56,388.86,681.1,1837.67,4415.2,572.0
3092.26,838.56,551.16,355.0,144.66,306.78,1448.0,533.0
1564.03,552.3,186.16,148.66,-1.63,259.67,3736.56,467.0
1560.03,306.74,252.63,184.57,-77.91,348.14,4449.05,458.0
2520.24,633.11,514.83,201.93,425.51,702.24,2045.85,533.0
6867.19,2201.7,985.16,636.57,877.06,989.19,6533.17,528.0
2618.1,644.1,326.14,158.14,278.72,-218.1,2507.58,482.0
1405.89,,183.38,138.62,285.88,472.27,3239.36,484.0
2636.29,519.03,309.27,178.11,417.17,727.75,2252.5,532.0
2600.97,705.94,328.91,144.19,564.35,66.86,7816.67,398.0
773.99,186.26,,85.41,28.2,107.77,5873.61,409.0
2901.12,868.27,,314.8,342.12,1035.17,2256.48,550.0
2655.88,821.65,399.63,348.76,61.08,915.69,6415.7,465.0
4222.16,1602.22,747.61,349.4,448.55,1240.74,4134.75,545.0
7513.66,2096.17,922.43,874.0,789.56,1370.41,3260.41,615.0
5235.84,,1024.02,638.94,825.15,1090.62,2740.29,578.0
2605.96,676.82,430.83,306.96,319.84,487.07,2719.38,511.0
1714.26,398.29,310.14,114.81,269.83,536.26,5161.25,456.0
10793.29,2880.99,1405.99,1143.81,1750.74,1213.34,671.84,703.0
3070.54,722.28,539.3,351.78,765.47,366.68,7712.35,421.0
3001.79,775.73,351.94,301.04,303.43,903.62,1560.88,558.0
2945.22,930.34,520.44,48.72,187.14,575.98,7188.75,439.0
3291.31,657.19,510.66,350.26,443.55,1111.96,3789.97,531.0
2773.37,851.41,462.04,522.78,199.3,368.44,4766.16,471.0
2237.62,706.77,256.73,191.54,467.48,435.27,5995.03,443.0
2267.81,553.56,279.28,160.74,233.6,244.38,3059.16,489.0
2932.54,422.01,492.42,337.05,252.39,588.67,5848.73,464.0
2271.71,498.89,276.13,255.56,208.36,118.46,0.0,539.0
2087.2,657.15,342.08,308.3,340.43,315.66,2933.86,492.0
3143.89,782.38,342.64,156.21,347.51,177.24,2208.71,514.0
2624.15,524.92,460.39,339.19,213.87,706.93,1705.74,541.0
6323.3,1421.23,714.69,781.67,1390.63,1717.78,2673.1,625.0
791.96,231.28,131.92,74.69,54.35,,5533.91,411.0
5144.86,1426.86,868.29,584.19,628.36,1715.24,4861.86,568.0
5558.27,1323.17,717.56,784.71,884.53,2499.78,3814.27,630.0
1057.12,244.89,177.03,142.6,23.38,216.29,3351.48,464.0
2511.55,578.69,396.36,136.32,373.76,341.29,4984.57,462.0
2475.7,504.74,331.33,328.79,140.36,1194.36,4505.86,510.0
1474.75,487.8,176.59,143.66,249.77,100.44,6429.69,408.0
2020.48,472.56,184.11,,125.76,408.16,5947.73,440.0
1710.79,531.81,274.56,176.09,276.41,372.89,4547.72,459.0
7159.07,2334.33,737.78,672.88,1334.09,2394.81,1057.77,699.0
4759.22,1427.36,727.5,702.79,817.09,1123.05,2266.33,581.0
5629.51,1285.89,799.93,544.1,760.43,845.2,2211.57,582.0
4276.27,1155.39,728.57,236.13,453.81,448.5,3086.59,527.0
1695.06,421.71,238.9,142.82,144.78,281.07,5027.58,446.0
2293.28,469.7,321.33,245.72,477.6,227.74,5742.36,439.0
3807.34,1013.58,654.7,567.94,297.09,779.68,,524.0
1617.98,309.11,258.96,200.83,93.48,232.31,4546.86,451.0
4257.76,1317.28,679.05,280.92,680.91,215.43,4009.28,499.0
2643.44,599.45,433.73,527.12,190.94,860.48,3175.16,521.0
2471.52,642.74,256.87,273.33,155.7,371.3,2407.76,510.0
4253.43,1123.6,734.58,642.33,142.0,311.29,213.1,573.0
3722.43,882.42,626.76,349.65,338.84,681.85,2492.97,541.0
2488.7,695.18,297.4,301.96,286.29,514.76,5199.68,466.0
5322.32,1204.2,759.38,710.95,716.31,134.94,1997.48,548.0
1736.22,509.69,258.39,258.22,,404.83,4003.52,471.0
4056.06,741.05,592.04,577.16,614.95,386.48,4716.04,491.0
4010.02,1027.84,641.67,540.9,435.28,1488.13,4838.37,541.0
2553.52,885.93,492.68,223.17,276.06,644.5,2074.88,530.0
3508.93,701.73,640.21,270.64,528.48,561.46,5941.44,469.0
1594.7,344.64,176.43,180.69,313.13,200.11,6776.29,409.0
4731.58,1304.47,,649.76,603.65,896.65,1320.83,588.0
2717.72,703.83,516.01,247.56,249.63,710.08,2537.01,527.0
2295.35,614.08,370.94,327.33,138.7,453.22,6693.58,432.0
5036.69,1382.37,920.35,796.32,167.66,897.96,3195.29,558.0
2096.09,590.54,440.95,132.78,335.32,431.45,0.0,551.0
1474.05,450.3,266.38,98.06,228.0,205.8,1758.42,499.0
1368.79,370.25,215.56,129.19,211.67,226.78,4090.62,456.0
4035.98,960.31,731.94,453.26,453.16,-34.63,1463.12,531.0
1571.5,445.72,,124.18,321.24,467.32,,477.0
7168.11,2472.96,1080.36,1104.52,,1647.8,2914.36,630.0
1052.62,256.17,146.8,123.12,186.65,129.11,7608.72,382.0
6962.04,1401.27,1370.84,707.19,819.26,2714.31,2330.48,688.0
3312.67,1011.54,415.56,,276.6,691.36,6151.28,469.0
2840.24,692.96,556.6,134.53,441.8,273.76,7005.45,426.0
2270.01,320.9,374.54,252.52,328.19,648.48,7187.62,432.0
3639.38,1064.05,393.13,53.48,514.68,872.74,4477.7,513.0
2925.39,653.05,471.07,411.03,,700.51,195.8,572.0
5175.29,1270.4,450.25,484.79,609.27,814.72,4369.06,534.0
3156.17,841.43,532.65,725.05,831.03,773.42,6149.95,470.0
3213.61,834.01,567.39,618.03,613.98,558.6,3873.78,503.0
2485.41,709.52,328.64,230.5,406.04,635.26,7743.54,425.0
2897.28,661.23,445.33,277.4,367.11,27.54,5850.48,436.0
3476.92,958.43,725.37,,627.34,544.53,5093.47,483.0
1267.64,,170.91,213.12,191.51,471.84,6792.47,416.0
1519.15,435.91,179.61,52.38,184.69,187.3,5210.99,436.0
4322.69,,840.55,123.39,439.99,603.52,0.0,592.0
3246.82,659.84,678.19,243.9,373.85,503.92,3027.68,516.0
2718.97,827.38,408.15,335.27,-190.94,213.49,6578.65,429.0
3008.56,671.52,542.58,360.65,399.04,-62.66,2482.25,496.0
3546.76,1029.99,674.75,506.44,,627.57,3489.03,518.0
2275.88,610.77,290.69,118.37,490.59,486.1,2227.56,516.0
2019.99,690.65,273.59,,244.74,393.39,7961.85,402.0
3287.63,785.17,614.54,441.6,159.98,609.9,7376.7,442.0
1827.7,425.0,366.55,122.22,213.85,373.41,2683.95,495.0
3656.01,910.45,610.14,70.42,209.24,1105.15,4197.79,529.0
1272.46,298.83,157.28,134.63,188.84,230.26,3257.27,470.0
4986.94,1446.2,1045.32,656.91,685.49,711.1,4733.81,520.0
3775.54,638.76,506.19,359.12,670.05,648.97,4886.7,496.0
3388.07,668.52,474.15,276.76,245.79,873.9,5606.99,488.0
4872.42,957.97,780.9,456.18,594.63,1662.48,4202.11,573.0
6855.02,2039.47,1347.87,583.89,261.17,940.41,8814.31,483.0
4950.21,1660.95,869.35,228.1,802.38,,1459.09,595.0
1187.45,,,,179.46,277.67,1222.56,508.0
1572.17,379.77,257.68,190.0,235.43,158.38,3742.17,462.0
2181.11,552.92,330.01,246.18,261.95,440.68,1209.69,531.0
3020.1,930.47,503.58,322.31,437.57,161.37,1109.05,532.0
3861.57,786.34,286.19,232.44,,89.18,1838.9,527.0
2073.78,543.16,292.61,192.32,213.38,490.81,2533.49,507.0
3272.74,977.76,514.6,42.28,419.95,528.92,2108.94,534.0
2043.27,562.01,235.94,218.91,112.04,449.99,5423.46,452.0
2195.67,569.73,354.8,345.06,149.1,435.2,3328.92,492.0
1475.38,442.69,,60.54,185.7,151.02,4198.36,452.0
1878.79,215.76,380.76,143.85,349.9,367.26,6224.83,431.0
1516.5,430.52,299.04,171.61,158.66,116.3,3012.4,473.0
1829.99,,248.93,274.71,193.7,620.54,3921.91,484.0
5048.37,800.01,734.41,414.32,482.56,325.13,4217.01,512.0
1854.37,510.99,274.04,134.09,163.03,334.57,560.55,533.0
11116.56,,1516.86,236.15,1530.73,1064.66,0.0,713.0
3814.86,927.5,594.55,397.27,115.07,980.58,4547.78,519.0
3269.58,973.17,,594.03,643.64,545.55,5003.15,482.0
1940.73,641.63,225.28,215.6,155.4,287.49,8546.22,385.0
4230.84,1335.87,713.66,419.31,690.96,1207.14,4046.94,545.0
2235.41,,377.53,252.34,97.91,453.66,5968.86,445.0
3168.47,909.69,398.82,315.44,507.37,,3658.51,517.0
10721.89,2720.91,1896.28,723.51,1718.9,1092.21,2377.89,665.0
2841.17,482.72,372.34,377.68,406.44,169.1,7482.16,412.0
5295.63,1258.75,834.56,577.38,319.51,1115.9,0.0,631.0
2097.31,435.9,366.21,211.21,283.08,352.59,5198.04,452.0
2929.26,1050.28,436.44,178.64,143.58,,8392.4,426.0
7225.71,1742.88,,1099.32,757.5,1387.4,3396.36,609.0
2178.77,558.11,293.06,275.81,396.02,480.44,7647.51,414.0
7377.75,2047.87,1063.18,574.6,1238.0,277.86,1528.25,593.0
4246.61,1070.91,610.77,594.84,513.46,1651.27,3661.92,573.0
2250.18,753.25,287.13,180.23,138.41,413.08,4392.0,472.0
4089.61,895.08,591.75,,649.17,1103.21,0.0,612.0
4847.79,1259.12,501.95,337.46,,564.24,1209.31,576.0
4067.99,865.98,550.26,118.61,-78.18,938.9,,575.0
1359.52,250.15,192.31,161.59,226.98,94.78,6236.28,410.0
2072.34,454.7,294.92,55.44,245.67,508.15,6122.6,442.0
2633.95,653.61,376.01,133.97,506.11,433.03,4857.89,470.0
2872.06,656.37,425.49,48.76,155.91,582.8,5786.59,464.0
4065.68,875.66,668.33,392.57,-287.05,1096.91,3452.0,548.0
3257.94,585.4,574.16,306.2,445.51,250.03,6426.48,442.0
1528.94,,199.54,132.91,210.22,201.13,4558.89,448.0
3605.08,630.04,410.63,210.16,66.91,885.89,4034.2,521.0
4045.23,1165.04,480.33,214.84,247.93,1657.82,3255.25,578.0
3943.78,1002.2,533.92,467.63,1125.21,734.3,,498.0
5117.34,906.4,713.57,399.04,520.25,1325.97,2622.4,590.0
4523.14,1060.86,573.99,509.55,741.15,856.24,,504.0
3750.3,796.53,416.72,242.23,303.63,1478.46,,595.0
2878.19,765.48,392.34,308.66,-15.59,72.75,1938.71,510.0
1299.22,411.88,201.95,197.65,142.63,272.14,5985.09,422.0
3695.27,577.35,620.25,456.17,384.54,138.37,3714.33,493.0
3307.16,845.81,440.77,276.16,317.51,-167.53,3100.07,484.0
3414.51,826.29,469.87,376.58,386.25,784.47,5755.76,482.0
1574.39,446.45,192.39,142.28,213.89,336.84,3313.16,478.0
1736.23,452.57,258.8,174.17,192.71,297.79,4078.73,465.0
5047.14,1072.02,628.61,438.98,222.88,955.83,6284.31,504.0
2922.58,684.02,488.64,273.05,,1490.02,7201.51,481.0
4191.23,880.99,404.14,454.68,12.73,730.04,6887.43,470.0
3023.47,918.53,420.9,182.21,-9.14,758.93,,516.0
3025.64,759.63,481.18,179.62,497.27,408.65,6553.71,444.0
4765.42,1644.35,741.09,211.86,716.82,1093.77,1672.47,591.0
2303.02,568.77,531.52,82.88,268.43,405.74,2495.29,507.0
3127.72,671.15,501.98,160.48,113.45,497.15,0.0,569.0
2365.78,412.39,283.61,251.67,183.41,903.47,7636.0,437.0
2398.87,383.44,352.96,154.22,250.05,762.17,2552.38,524.0
2553.99,436.2,247.0,307.87,61.92,545.72,3980.74,490.0
3331.13,877.27,491.61,,252.03,-101.34,2180.01,504.0
2346.37,646.28,293.32,49.88,373.4,384.57,5686.42,448.0
5585.21,954.74,991.16,704.85,1148.53,2626.74,2573.17,659.0
1905.87,561.76,254.46,252.4,180.74,337.21,1818.61,511.0
2715.05,613.19,397.75,163.57,449.04,842.54,5068.81,487.0
2392.6,615.71,313.27,279.47,12.34,823.52,1414.76,548.0
6145.58,2031.8,1242.42,404.01,980.63,1363.68,1481.51,628.0
3288.8,969.68,461.62,341.73,236.01,380.9,0.0,566.0
4993.65,1181.37,1023.58,246.79,,-217.38,653.99,551.0
1418.31,291.38,247.39,40.1,149.11,380.7,4931.57,448.0
3406.79,485.16,560.29,288.51,678.72,403.79,48.89,568.0
4650.9,995.49,749.08,,314.09,1012.11,642.44,604.0
3106.16,743.75,502.62,261.21,489.71,233.02,4063.41,482.0
5078.34,,468.07,267.32,,880.97,2389.28,572.0
2301.59,560.29,325.98,193.34,254.33,468.08,8293.6,404.0
6031.03,1530.93,1057.57,668.07,657.19,1368.2,6858.48,527.0
9409.26,2246.53,1397.59,924.03,651.68,832.89,441.38,669.0
2486.37,,268.14,266.79,296.26,794.87,5368.36,476.0
2385.7,616.54,354.1,174.62,,334.74,5782.86,445.0
6165.3,,1239.98,905.49,829.08,200.7,1955.45,564.0
6566.83,1283.68,1230.67,347.73,821.32,1241.77,38.87,654.0
2295.19,735.72,340.01,274.28,,466.93,4286.85,477.0
2416.09,592.11,431.38,355.83,423.81,522.02,3929.48,488.0
2589.21,649.74,359.91,308.73,147.49,870.53,3351.71,518.0
1521.99,434.39,150.5,139.87,261.97,268.41,5428.04,435.0
1883.1,492.73,230.24,148.52,91.93,354.09,2933.61,491.0
1804.3,537.06,355.24,255.21,,,2154.71,495.0
2030.63,536.81,287.9,87.48,319.18,572.75,4608.98,472.0
2929.71,642.71,418.07,179.28,15.59,639.94,4893.03,484.0
3351.31,898.4,472.55,281.84,420.85,529.5,1641.32,544.0
6472.06,1247.9,1340.52,967.61,,61.7,4914.56,508.0
1809.53,,359.7,208.44,134.76,623.28,916.18,539.0
4876.39,1211.0,1056.05,298.82,980.4,376.61,2380.86,546.0
2678.48,641.75,388.99,234.6,216.37,377.32,3680.44,490.0
2908.14,708.34,462.01,219.35,208.27,685.84,2855.11,523.0
4177.26,651.27,436.53,299.13,520.24,335.62,2616.7,529.0
1700.43,378.45,330.41,236.62,274.0,86.13,8232.02,378.0
3609.07,919.02,414.92,162.88,402.42,-44.73,2215.51,510.0
3239.67,835.81,507.02,532.44,615.48,881.51,8910.54,426.0
3813.21,757.37,446.45,507.65,579.07,554.75,4730.29,495.0
3444.67,1079.16,455.85,494.77,-36.83,1697.28,4150.71,555.0
10174.6,2103.0,1270.63,829.05,897.73,1023.2,2900.1,644.0
2167.07,646.81,285.54,,187.0,233.73,,370.0
2285.87,620.29,305.91,97.55,340.05,327.93,2327.05,506.0
2182.94,475.2,291.54,172.48,-81.84,489.66,2104.28,517.0
2258.06,764.95,395.16,270.39,616.32,,2812.85,498.0
2167.45,412.51,253.28,329.11,329.15,566.21,4414.05,478.0
5401.91,1598.74,846.03,,696.48,551.76,0.0,605.0
6064.77,1819.61,1131.31,517.81,1157.73,375.05,3225.25,548.0
2240.89,,301.63,210.53,584.02,45.22,7714.83,394.0
1966.13,628.42,252.57,86.84,,-43.96,4712.98,440.0
3773.31,896.15,539.9,466.58,667.61,,3282.64,522.0
2261.74,598.08,419.31,160.67,289.14,384.27,3085.16,495.0
4090.68,1075.91,637.42,377.1,456.15,559.84,5569.82,484.0
3299.29,802.67,442.31,270.28,301.73,1070.09,2358.55,556.0
1397.06,405.9,229.84,95.6,98.4,450.98,8273.67,390.0
6462.38,1871.99,755.65,644.42,509.1,1076.11,6928.01,519.0
7316.88,1189.53,1247.09,,285.11,150.79,3318.44,554.0
2194.27,691.67,356.04,186.79,253.32,314.5,4318.69,468.0
2455.66,409.79,345.67,174.01,46.46,343.84,6324.62,436.0
3438.99,1037.29,429.33,387.85,452.07,461.81,6157.9,459.0
3523.56,1079.39,,585.42,415.15,458.87,2330.95,531.0
4143.4,809.83,687.99,437.52,533.74,,2703.87,538.0
8144.53,1868.84,1521.96,1138.97,722.19,1314.09,0.0,682.0
2728.55,,357.11,121.12,831.15,372.3,4999.56,466.0
1999.9,478.48,327.49,212.61,403.19,441.64,5733.29,445.0
1495.69,350.89,130.71,83.92,67.8,353.04,1851.44,505.0
2068.41,597.74,273.98,84.65,277.11,225.32,3469.08,477.0
2931.99,925.09,437.07,206.49,244.88,959.07,1425.9,562.0
7312.05,2338.28,897.26,1079.81,432.37,745.78,1008.79,624.0
2301.22,510.62,280.53,317.57,91.12,87.95,5411.67,439.0
3333.89,798.6,433.29,365.8,486.52,793.73,2532.87,540.0
2956.58,490.28,469.4,114.4,233.92,349.64,3511.37,496.0
5400.23,1132.46,779.69,497.62,961.62,1253.55,125.31,636.0
10545.62,3145.15,873.74,1181.83,1894.28,-425.69,2210.29,594.0
2286.02,756.17,197.46,244.65,462.77,775.52,4225.65,493.0
2333.86,439.43,307.59,61.26,160.7,623.68,2841.92,512.0
5024.5,1107.28,822.66,323.51,746.25,250.99,3114.62,528.0
4192.05,1042.48,283.28,408.46,662.12,218.5,4102.97,497.0
7505.22,1981.44,1013.27,911.52,687.1,2756.12,1118.7,720.0
3991.67,836.33,,48.52,,504.0,849.97,567.0
2490.79,675.51,477.36,232.93,539.43,290.38,7863.91,406.0
4005.11,906.39,554.5,423.43,535.28,-106.56,2531.92,507.0
5189.29,1293.57,838.02,695.28,820.73,855.83,3249.69,557.0
4492.84,1245.93,692.97,,317.53,796.26,5673.83,500.0
3841.57,961.63,330.69,473.68,179.95,1043.18,10905.64,406.0
5081.38,1159.47,879.31,,436.15,305.35,986.61,571.0
5348.91,1307.91,836.9,126.66,602.07,256.59,4294.98,512.0
5949.6,1461.11,983.16,501.42,334.05,1458.22,1800.02,623.0
4123.08,954.49,1104.11,577.5,492.33,1239.7,2685.5,570.0
2741.99,650.02,239.86,427.03,51.25,117.59,2736.98,496.0
3207.85,1058.37,647.15,411.96,169.37,988.5,1786.34,561.0
5449.37,1515.18,770.41,638.52,873.29,1110.33,3282.61,572.0
1981.35,466.07,314.28,228.22,309.54,612.59,1456.59,531.0
3584.37,1021.0,532.76,278.7,345.85,691.7,5818.3,479.0
2448.74,571.31,336.15,232.13,144.31,-127.89,4375.38,450.0
3024.11,933.41,401.92,504.31,176.47,558.87,4937.64,480.0
5648.96,1516.64,903.19,351.92,551.36,1728.66,2372.93,621.0
3279.84,802.36,342.69,539.83,520.42,362.83,3281.64,505.0
3050.98,831.04,526.35,265.8,536.04,491.83,4659.83,483.0
1510.31,258.95,207.69,231.1,136.24,275.46,2218.81,495.0
4329.15,838.39,502.61,189.3,219.88,-389.41,2985.27,490.0
4116.43,783.37,561.89,508.12,560.13,1511.28,2045.84,594.0
8792.26,2260.9,1650.43,620.11,620.63,965.94,,664.0
2555.78,860.34,342.32,110.89,227.22,640.41,,568.0
3326.16,1202.62,534.69,361.69,663.62,636.39,6680.81,456.0
3376.83,951.94,432.48,474.04,572.8,1100.04,2613.87,554.0
6559.87,1804.24,1133.14,434.28,849.36,1578.34,5358.79,573.0
2842.25,454.61,484.79,113.8,124.16,501.68,6284.91,450.0
3427.24,763.82,704.15,330.13,454.74,379.22,1399.83,543.0
4039.79,850.82,584.69,389.85,742.35,1130.27,1611.24,583.0
3272.48,716.53,556.52,399.02,318.94,41.42,9139.26,382.0
2384.59,576.1,364.7,329.03,479.46,630.94,7786.47,422.0
3284.75,743.65,620.41,320.67,648.95,295.94,3951.54,490.0
5099.08,770.14,654.9,888.36,1120.9,1658.37,3985.02,580.0
1784.23,512.78,307.51,194.43,246.79,385.63,3203.04,486.0
3185.88,625.59,459.27,274.44,494.59,842.39,4908.94,497.0
2100.52,550.26,311.03,74.65,430.29,437.33,2935.48,498.0
5418.22,,827.65,484.9,795.63,134.17,0.0,586.0
1391.87,283.98,219.31,120.46,125.17,158.57,1939.33,492.0
2254.17,278.36,330.27,312.0,209.83,602.4,4365.93,482.0
3599.7,848.45,563.14,426.56,483.49,779.93,1657.96,559.0
6520.86,,1286.85,344.47,,2074.28,2909.19,641.0
2884.55,1003.59,517.96,308.33,321.35,693.24,1985.31,539.0
2258.37,425.75,397.64,286.5,419.59,233.36,2757.78,494.0
7635.61,2098.53,1040.99,1230.26,-87.62,919.28,4415.65,575.0
1445.19,327.67,178.22,195.82,306.48,303.91,5061.4,443.0
992.87,242.96,177.39,129.5,186.01,-31.18,4682.81,427.0
3714.53,1419.76,654.8,380.38,343.28,1364.51,5643.57,516.0
2319.19,405.51,450.34,267.94,353.92,566.29,5265.46,464.0
1788.95,469.93,235.93,268.31,215.01,577.3,7356.44,419.0
4247.89,1161.31,607.93,198.33,823.24,178.15,2805.91,519.0
3367.41,1024.67,339.49,289.67,602.64,1092.58,3130.51,544.0
2248.37,573.11,310.78,155.36,80.93,951.4,1723.27,546.0
1571.6,417.11,282.73,181.0,243.97,106.73,3670.56,461.0
4611.13,1062.49,627.14,688.02,496.44,1277.93,5546.2,526.0
4126.15,1087.06,698.2,314.09,515.64,825.69,6362.13,483.0
2836.74,660.51,409.3,12.45,216.47,129.23,6069.59,436.0
7504.95,2109.48,1198.7,626.75,1687.77,1870.9,0.0,699.0
1745.78,404.18,201.76,238.37,318.44,494.68,6642.56,427.0
1390.25,,212.09,168.92,105.12,194.48,905.89,513.0
2109.16,524.2,127.11,247.04,84.2,667.74,6163.49,450.0
2913.78,892.5,420.73,258.74,282.23,97.1,3390.3,485.0
3366.64,833.01,340.32,164.42,491.77,170.1,5395.07,458.0
2642.24,426.32,,318.69,355.15,564.54,1542.43,537.0
3554.71,1112.97,616.11,236.85,693.84,,6275.92,471.0
1594.36,326.39,261.48,298.73,266.89,204.62,1591.74,504.0
6135.72,1333.36,1200.33,753.59,1093.23,1723.89,1822.37,638.0
2860.99,630.04,347.7,219.65,399.43,724.09,2145.51,537.0
5211.63,1661.06,1054.94,393.71,190.96,1489.56,0.0,647.0
3538.16,506.72,629.67,340.66,383.03,664.06,4127.61,508.0
3745.75,1524.1,535.28,338.69,687.74,974.86,7488.45,464.0
3963.5,1200.16,729.56,573.41,463.37,616.07,9144.76,420.0
3728.85,973.83,435.57,400.69,560.02,1511.61,4075.66,552.0
4110.75,1016.4,514.93,290.77,414.67,488.13,6000.14,473.0
5793.99,1531.22,,1017.53,337.28,,3725.99,629.0
3288.74,,441.12,335.36,370.31,669.22,5011.14,488.0
4249.27,1199.4,502.7,555.61,588.71,265.36,3040.92,519.0
2850.16,791.72,532.1,215.67,229.89,959.96,4535.11,504.0
6124.54,1558.57,871.12,701.41,648.33,1302.02,4237.6,574.0
2125.59,510.42,341.32,239.01,135.26,606.03,,501.0
7335.42,1778.37,,179.09,,2364.83,2644.39,671.0
2921.7,701.95,278.68,527.69,298.99,683.08,4006.63,502.0
1457.7,447.06,230.46,221.02,301.98,205.21,6215.5,417.0
3178.14,888.86,294.4,267.32,672.89,945.72,1914.49,556.0
2120.64,218.38,313.73,118.56,244.16,424.29,4260.72,473.0
4538.36,1283.43,494.46,516.93,270.0,1218.94,7462.5,487.0
2151.0,558.69,450.89,222.56,-11.09,-33.07,6682.82,407.0
2384.89,593.99,422.94,272.42,75.55,583.58,6982.89,435.0
1158.9,267.21,177.51,124.77,43.54,157.77,4701.19,438.0
2377.6,728.03,446.78,285.91,481.96,868.61,4928.72,486.0
887.19,263.83,110.55,140.08,112.63,232.72,6738.32,400.0
1350.25,,224.55,165.71,193.59,302.44,7715.44,393.0
4359.91,1178.71,680.12,252.93,-57.66,1084.01,0.0,615.0
4415.6,889.38,,682.22,212.49,442.25,1044.44,567.0
3687.59,667.52,693.9,610.76,638.78,1336.11,6512.61,498.0
1838.14,401.94,316.11,415.57,252.2,733.67,3894.78,490.0
2910.69,853.18,461.82,160.26,,696.5,2783.35,525.0
2975.59,885.7,298.61,326.47,457.92,1068.36,1599.0,565.0
1670.4,460.45,202.45,27.92,364.39,239.01,3388.85,474.0
6321.42,1809.54,,772.01,674.73,760.4,298.84,623.0
4622.45,1274.91,706.32,360.88,573.93,943.41,7795.45,470.0
2669.16,581.68,309.87,472.28,351.14,649.92,4154.38,494.0
3021.3,820.57,671.79,208.52,796.19,485.22,3977.71,494.0
3308.31,959.48,646.75,107.3,-19.72,839.57,5183.66,493.0
1073.99,309.0,180.5,87.15,172.91,,6602.49,406.0
2634.4,815.2,400.85,55.27,297.98,263.89,6101.46,439.0
2119.65,604.98,304.45,275.65,326.44,533.9,6511.35,437.0
1806.58,483.39,219.4,31.43,145.53,517.32,3196.33,492.0
2590.1,786.11,394.54,261.96,303.2,562.43,3627.24,498.0
7323.5,1821.16,1155.15,123.68,,2308.84,4341.01,637.0
4106.89,845.63,463.04,358.07,1259.89,321.4,2713.15,526.0
2240.4,541.83,358.52,371.31,,552.92,4317.67,480.0
3969.09,844.44,576.88,454.17,274.33,329.32,4606.8,489.0
